incident_id,title,service,severity,team,status,assigned_engineer,created_at,resolved_at,duration_minutes,sla_target_minutes,sla_status,affected_users,root_cause,resolution_summary
INC-1051,Email dispatch delay on order confirmation receipts,Notification & Email Worker,P3 - Medium,Payment & Billing,Resolved,Bob K.,2026-08-28 08:30:31,2026-08-28 10:13:31,103.0,480,Compliant,64,SendGrid API rate limiter throttling transactional batches.,Switched to multi-pool IP routing and flushed pending queue.
INC-1027,504 Gateway Timeout spike across REST endpoints,API Gateway,P1 - Critical,Data Engineering,Resolved,Evan L.,2026-08-28 08:17:46,2026-08-28 08:41:46,24.0,30,Compliant,4397,Upstream catalog microservice thread pool exhaustion.,Scaled Kubernetes replicas from 3 to 10 and enabled fallback caching.
INC-1090,Checkout cart session sync delay during flash sale,Checkout Pipeline,P2 - High,Payment & Billing,Resolved,Carlos R.,2026-08-28 08:08:52,2026-08-28 08:53:52,45.0,120,Compliant,4996,Distributed lock contention on inventory reservation table.,Optimized optimistic locking strategy and enabled Redis atomic counters.
INC-1038,Scheduled data warehouse sync job failure,Search & Elastic Cluster,P3 - Medium,Payment & Billing,Resolved,Evan L.,2026-08-28 01:24:22,2026-08-28 16:21:22,897.0,480,Breached,77,Upstream schema column rename in staging pipeline.,Updated dbt model schema mapping.
INC-1106,Scheduled data warehouse sync job failure,Redis Cache Cluster,P1 - Critical,Payment & Billing,Resolved,Farah H.,2026-08-27 09:10:51,2026-08-27 09:25:51,15.0,30,Compliant,4549,Upstream schema column rename in staging pipeline.,Updated dbt model schema mapping.
INC-1115,Elasticsearch cluster yellow status due to unassigned shards,Search & Elastic Cluster,P2 - High,Security & IAM,Resolved,George T.,2026-08-27 05:36:26,2026-08-27 05:58:26,22.0,120,Compliant,417,Disk threshold exceeded on node search-03 triggering shard reroute lock.,Expanded EBS volume capacity and rebalanced indices.
INC-1078,High replication lag on Postgres primary,Primary PostgreSQL DB,P2 - High,Data Engineering,Resolved,Bob K.,2026-08-26 15:53:59,2026-08-26 17:07:59,74.0,120,Compliant,1204,Long-running analytical unindexed query blocked write WAL threads.,Terminated blocking PID and adjusted connection pool settings.
INC-1101,Elasticsearch cluster yellow status due to unassigned shards,Search & Elastic Cluster,P1 - Critical,Security & IAM,Resolved,Evan L.,2026-08-26 01:19:26,2026-08-26 01:45:26,26.0,30,Compliant,4122,Disk threshold exceeded on node search-03 triggering shard reroute lock.,Expanded EBS volume capacity and rebalanced indices.
INC-1045,Checkout cart session sync delay during flash sale,Checkout Pipeline,P3 - Medium,Data Engineering,Resolved,Bob K.,2026-08-26 00:42:46,2026-08-26 05:20:46,278.0,480,Compliant,47,Distributed lock contention on inventory reservation table.,Optimized optimistic locking strategy and enabled Redis atomic counters.
INC-1111,504 Gateway Timeout spike across REST endpoints,API Gateway,P3 - Medium,Payment & Billing,Resolved,George T.,2026-08-25 22:05:08,2026-08-26 13:58:08,953.0,480,Breached,23,Upstream catalog microservice thread pool exhaustion.,Scaled Kubernetes replicas from 3 to 10 and enabled fallback caching.
INC-1092,High replication lag on Postgres primary,Primary PostgreSQL DB,P4 - Low,Payment & Billing,Resolved,George T.,2026-08-25 19:34:19,2026-08-26 10:55:19,921.0,1440,Compliant,93,Long-running analytical unindexed query blocked write WAL threads.,Terminated blocking PID and adjusted connection pool settings.
INC-1035,Stripe webhook 429 rate limit errors,Payment Gateway,P2 - High,Platform Infra,Resolved,Dana W.,2026-08-25 09:08:18,2026-08-25 09:54:18,46.0,120,Compliant,3978,Bulk recurring billing batch triggered webhook concurrency limit.,Enabled exponential backoff retry queue in SQS dead-letter worker.
INC-1037,Checkout cart session sync delay during flash sale,Checkout Pipeline,P2 - High,Platform Infra,Open,Alice M.,2026-08-24 23:15:31,,,120,Breached,200,Distributed lock contention on inventory reservation table.,Investigation ongoing.
INC-1077,Checkout cart session sync delay during flash sale,Checkout Pipeline,P4 - Low,Platform Infra,Resolved,Farah H.,2026-08-24 21:50:07,2026-08-25 10:38:07,768.0,1440,Compliant,66,Distributed lock contention on inventory reservation table.,Optimized optimistic locking strategy and enabled Redis atomic counters.
INC-1020,504 Gateway Timeout spike across REST endpoints,API Gateway,P1 - Critical,Security & IAM,Resolved,George T.,2026-08-24 11:31:21,2026-08-24 11:41:21,10.0,30,Compliant,1256,Upstream catalog microservice thread pool exhaustion.,Scaled Kubernetes replicas from 3 to 10 and enabled fallback caching.
INC-1080,Redis cluster memory usage exceeded 95%,Redis Cache Cluster,P3 - Medium,Security & IAM,Resolved,Dana W.,2026-08-24 08:59:55,2026-08-24 15:51:55,412.0,480,Compliant,76,Unbounded user session TTLs on marketing campaign referral links.,Enforced maxmemory allkeys-lru eviction policy and trimmed keys.
INC-1112,Minor styling asset 404 in admin dashboard,API Gateway,P2 - High,Platform Infra,Resolved,Carlos R.,2026-08-24 03:05:05,2026-08-24 04:41:05,96.0,120,Compliant,4872,CDN cache invalidation hash discrepancy on static frontend build.,Purged Cloudflare edge asset cache.
INC-1046,Minor styling asset 404 in admin dashboard,API Gateway,P3 - Medium,Data Engineering,Resolved,Dana W.,2026-08-23 20:42:18,2026-08-23 23:29:18,167.0,480,Compliant,37,CDN cache invalidation hash discrepancy on static frontend build.,Purged Cloudflare edge asset cache.
INC-1109,Minor styling asset 404 in admin dashboard,API Gateway,P4 - Low,Payment & Billing,Resolved,Carlos R.,2026-08-23 14:50:32,2026-08-23 23:08:32,498.0,1440,Compliant,143,CDN cache invalidation hash discrepancy on static frontend build.,Purged Cloudflare edge asset cache.
INC-1113,Scheduled data warehouse sync job failure,API Gateway,P3 - Medium,Data Engineering,Resolved,Farah H.,2026-08-23 12:45:09,2026-08-23 16:02:09,197.0,480,Compliant,0,Upstream schema column rename in staging pipeline.,Updated dbt model schema mapping.
INC-1003,Redis cluster memory usage exceeded 95%,Redis Cache Cluster,P4 - Low,Platform Infra,Resolved,George T.,2026-08-23 05:47:37,2026-08-23 15:36:37,589.0,1440,Compliant,13,Unbounded user session TTLs on marketing campaign referral links.,Enforced maxmemory allkeys-lru eviction policy and trimmed keys.
INC-1120,504 Gateway Timeout spike across REST endpoints,API Gateway,P3 - Medium,Security & IAM,In Progress,Bob K.,2026-08-23 01:11:56,,,480,Breached,13,Upstream catalog microservice thread pool exhaustion.,Investigation ongoing.
INC-1071,Stripe webhook 429 rate limit errors,Payment Gateway,P4 - Low,Data Engineering,Resolved,Farah H.,2026-08-22 16:41:12,2026-08-24 06:48:12,2287.0,1440,Breached,21,Bulk recurring billing batch triggered webhook concurrency limit.,Enabled exponential backoff retry queue in SQS dead-letter worker.
INC-1081,Okta SSO SAML assertion signature mismatch,Auth & SSO Service,P4 - Low,Security & IAM,Resolved,George T.,2026-08-22 12:28:44,2026-08-22 21:17:44,529.0,1440,Compliant,44,JWKS signing certificate auto-rotation failed during midnight cron.,Manually triggered JWKS cache refresh and reloaded cert authority.
INC-1093,Okta SSO SAML assertion signature mismatch,Auth & SSO Service,P3 - Medium,Platform Infra,Resolved,Carlos R.,2026-08-22 02:08:16,2026-08-22 05:20:16,192.0,480,Compliant,62,JWKS signing certificate auto-rotation failed during midnight cron.,Manually triggered JWKS cache refresh and reloaded cert authority.
INC-1068,Email dispatch delay on order confirmation receipts,Notification & Email Worker,P3 - Medium,Data Engineering,Resolved,Bob K.,2026-08-22 01:21:12,2026-08-22 05:11:12,230.0,480,Compliant,85,SendGrid API rate limiter throttling transactional batches.,Switched to multi-pool IP routing and flushed pending queue.
INC-1083,Stripe webhook 429 rate limit errors,Payment Gateway,P3 - Medium,Core Backend,Resolved,George T.,2026-08-21 17:20:25,2026-08-21 20:54:25,214.0,480,Compliant,99,Bulk recurring billing batch triggered webhook concurrency limit.,Enabled exponential backoff retry queue in SQS dead-letter worker.
INC-1072,High replication lag on Postgres primary,Primary PostgreSQL DB,P2 - High,Security & IAM,Resolved,Evan L.,2026-08-21 09:50:14,2026-08-21 11:12:14,82.0,120,Compliant,4713,Long-running analytical unindexed query blocked write WAL threads.,Terminated blocking PID and adjusted connection pool settings.
INC-1064,Stripe webhook 429 rate limit errors,Payment Gateway,P2 - High,Payment & Billing,Resolved,Carlos R.,2026-08-21 01:53:28,2026-08-21 04:49:28,176.0,120,Breached,1145,Bulk recurring billing batch triggered webhook concurrency limit.,Enabled exponential backoff retry queue in SQS dead-letter worker.
INC-1118,Redis cluster memory usage exceeded 95%,Redis Cache Cluster,P2 - High,Platform Infra,Resolved,Dana W.,2026-08-20 23:28:37,2026-08-21 01:03:37,95.0,120,Compliant,4032,Unbounded user session TTLs on marketing campaign referral links.,Enforced maxmemory allkeys-lru eviction policy and trimmed keys.
INC-1055,Elasticsearch cluster yellow status due to unassigned shards,Search & Elastic Cluster,P2 - High,Data Engineering,Resolved,Farah H.,2026-08-20 16:28:46,2026-08-20 18:11:46,103.0,120,Compliant,2883,Disk threshold exceeded on node search-03 triggering shard reroute lock.,Expanded EBS volume capacity and rebalanced indices.
INC-1016,Scheduled data warehouse sync job failure,Primary PostgreSQL DB,P3 - Medium,Data Engineering,Open,George T.,2026-08-20 11:41:43,,,480,Breached,97,Upstream schema column rename in staging pipeline.,Investigation ongoing.
INC-1023,Minor styling asset 404 in admin dashboard,API Gateway,P2 - High,Data Engineering,Open,Farah H.,2026-08-20 02:19:05,,,120,Breached,2900,CDN cache invalidation hash discrepancy on static frontend build.,Investigation ongoing.
INC-1005,Scheduled data warehouse sync job failure,Search & Elastic Cluster,P4 - Low,Data Engineering,Resolved,Bob K.,2026-08-19 13:46:54,2026-08-21 02:35:54,2209.0,1440,Breached,15,Upstream schema column rename in staging pipeline.,Updated dbt model schema mapping.
INC-1062,High replication lag on Postgres primary,Primary PostgreSQL DB,P1 - Critical,Core Backend,Resolved,Dana W.,2026-08-19 10:54:48,2026-08-19 11:08:48,14.0,30,Compliant,3732,Long-running analytical unindexed query blocked write WAL threads.,Terminated blocking PID and adjusted connection pool settings.
INC-1086,Email dispatch delay on order confirmation receipts,Notification & Email Worker,P3 - Medium,Security & IAM,Resolved,George T.,2026-08-19 03:57:39,2026-08-19 08:09:39,252.0,480,Compliant,81,SendGrid API rate limiter throttling transactional batches.,Switched to multi-pool IP routing and flushed pending queue.
INC-1026,Checkout cart session sync delay during flash sale,Checkout Pipeline,P2 - High,Security & IAM,Resolved,Bob K.,2026-08-18 18:54:08,2026-08-18 19:54:08,60.0,120,Compliant,4645,Distributed lock contention on inventory reservation table.,Optimized optimistic locking strategy and enabled Redis atomic counters.
INC-1057,Scheduled data warehouse sync job failure,Search & Elastic Cluster,P3 - Medium,Data Engineering,Resolved,Dana W.,2026-08-18 07:43:48,2026-08-18 11:56:48,253.0,480,Compliant,65,Upstream schema column rename in staging pipeline.,Updated dbt model schema mapping.
INC-1104,Okta SSO SAML assertion signature mismatch,Auth & SSO Service,P3 - Medium,Core Backend,Resolved,Alice M.,2026-08-18 05:46:52,2026-08-18 08:57:52,191.0,480,Compliant,26,JWKS signing certificate auto-rotation failed during midnight cron.,Manually triggered JWKS cache refresh and reloaded cert authority.
INC-1044,Email dispatch delay on order confirmation receipts,Notification & Email Worker,P3 - Medium,Core Backend,Resolved,Bob K.,2026-08-18 02:26:23,2026-08-18 17:14:23,888.0,480,Breached,26,SendGrid API rate limiter throttling transactional batches.,Switched to multi-pool IP routing and flushed pending queue.
INC-1047,Redis cluster memory usage exceeded 95%,Redis Cache Cluster,P3 - Medium,Data Engineering,Resolved,Dana W.,2026-08-17 10:51:46,2026-08-17 14:01:46,190.0,480,Compliant,81,Unbounded user session TTLs on marketing campaign referral links.,Enforced maxmemory allkeys-lru eviction policy and trimmed keys.
INC-1067,504 Gateway Timeout spike across REST endpoints,API Gateway,P3 - Medium,Platform Infra,Resolved,Evan L.,2026-08-17 07:47:33,2026-08-17 15:06:33,439.0,480,Compliant,17,Upstream catalog microservice thread pool exhaustion.,Scaled Kubernetes replicas from 3 to 10 and enabled fallback caching.
INC-1073,Checkout cart session sync delay during flash sale,Checkout Pipeline,P3 - Medium,Payment & Billing,Resolved,Alice M.,2026-08-17 04:58:39,2026-08-17 17:11:39,733.0,480,Breached,101,Distributed lock contention on inventory reservation table.,Optimized optimistic locking strategy and enabled Redis atomic counters.
INC-1056,Email dispatch delay on order confirmation receipts,Notification & Email Worker,P2 - High,Core Backend,Resolved,Alice M.,2026-08-16 22:51:52,2026-08-17 00:12:52,81.0,120,Compliant,4029,SendGrid API rate limiter throttling transactional batches.,Switched to multi-pool IP routing and flushed pending queue.
INC-1050,Email dispatch delay on order confirmation receipts,Notification & Email Worker,P3 - Medium,Data Engineering,Resolved,George T.,2026-08-16 16:50:31,2026-08-17 06:28:31,818.0,480,Breached,101,SendGrid API rate limiter throttling transactional batches.,Switched to multi-pool IP routing and flushed pending queue.
INC-1032,Checkout cart session sync delay during flash sale,Checkout Pipeline,P1 - Critical,Security & IAM,Resolved,Evan L.,2026-08-15 08:57:23,2026-08-15 09:23:23,26.0,30,Compliant,209,Distributed lock contention on inventory reservation table.,Optimized optimistic locking strategy and enabled Redis atomic counters.
INC-1094,Stripe webhook 429 rate limit errors,Payment Gateway,P2 - High,Data Engineering,Resolved,Carlos R.,2026-08-15 05:15:09,2026-08-15 06:17:09,62.0,120,Compliant,4034,Bulk recurring billing batch triggered webhook concurrency limit.,Enabled exponential backoff retry queue in SQS dead-letter worker.
INC-1028,Elasticsearch cluster yellow status due to unassigned shards,Search & Elastic Cluster,P2 - High,Payment & Billing,Resolved,George T.,2026-08-15 00:15:15,2026-08-15 01:34:15,79.0,120,Compliant,2777,Disk threshold exceeded on node search-03 triggering shard reroute lock.,Expanded EBS volume capacity and rebalanced indices.
INC-1082,Scheduled data warehouse sync job failure,Notification & Email Worker,P3 - Medium,Core Backend,Resolved,Dana W.,2026-08-14 21:28:14,2026-08-15 00:38:14,190.0,480,Compliant,28,Upstream schema column rename in staging pipeline.,Updated dbt model schema mapping.
INC-1084,Okta SSO SAML assertion signature mismatch,Auth & SSO Service,P3 - Medium,Platform Infra,In Progress,Bob K.,2026-08-14 01:17:28,,,480,Breached,66,JWKS signing certificate auto-rotation failed during midnight cron.,Investigation ongoing.
INC-1010,Stripe webhook 429 rate limit errors,Payment Gateway,P4 - Low,Core Backend,Resolved,Evan L.,2026-08-13 22:46:23,2026-08-16 05:18:23,3272.0,1440,Breached,89,Bulk recurring billing batch triggered webhook concurrency limit.,Enabled exponential backoff retry queue in SQS dead-letter worker.
INC-1100,Okta SSO SAML assertion signature mismatch,Auth & SSO Service,P4 - Low,Platform Infra,Resolved,George T.,2026-08-13 11:51:51,2026-08-13 23:38:51,707.0,1440,Compliant,142,JWKS signing certificate auto-rotation failed during midnight cron.,Manually triggered JWKS cache refresh and reloaded cert authority.
INC-1012,Elasticsearch cluster yellow status due to unassigned shards,Search & Elastic Cluster,P1 - Critical,Payment & Billing,Resolved,Bob K.,2026-08-12 22:41:32,2026-08-12 22:49:32,8.0,30,Compliant,4564,Disk threshold exceeded on node search-03 triggering shard reroute lock.,Expanded EBS volume capacity and rebalanced indices.
INC-1076,Email dispatch delay on order confirmation receipts,Notification & Email Worker,P4 - Low,Data Engineering,Open,Alice M.,2026-08-12 08:14:18,,,1440,Breached,60,SendGrid API rate limiter throttling transactional batches.,Investigation ongoing.
INC-1039,Checkout cart session sync delay during flash sale,Checkout Pipeline,P3 - Medium,Core Backend,Resolved,Carlos R.,2026-08-12 06:28:32,2026-08-12 08:26:32,118.0,480,Compliant,135,Distributed lock contention on inventory reservation table.,Optimized optimistic locking strategy and enabled Redis atomic counters.
INC-1110,Minor styling asset 404 in admin dashboard,API Gateway,P1 - Critical,Platform Infra,Resolved,Alice M.,2026-08-12 01:39:18,2026-08-12 03:00:18,81.0,30,Breached,2812,CDN cache invalidation hash discrepancy on static frontend build.,Purged Cloudflare edge asset cache.
INC-1116,Minor styling asset 404 in admin dashboard,API Gateway,P3 - Medium,Payment & Billing,Resolved,Evan L.,2026-08-11 22:30:32,2026-08-12 01:26:32,176.0,480,Compliant,101,CDN cache invalidation hash discrepancy on static frontend build.,Purged Cloudflare edge asset cache.
INC-1066,High replication lag on Postgres primary,Primary PostgreSQL DB,P3 - Medium,Payment & Billing,In Progress,Dana W.,2026-08-11 18:38:26,,,480,Breached,71,Long-running analytical unindexed query blocked write WAL threads.,Investigation ongoing.
INC-1031,Okta SSO SAML assertion signature mismatch,Auth & SSO Service,P3 - Medium,Data Engineering,In Progress,Farah H.,2026-08-11 05:26:35,,,480,Breached,135,JWKS signing certificate auto-rotation failed during midnight cron.,Investigation ongoing.
INC-1075,Minor styling asset 404 in admin dashboard,API Gateway,P4 - Low,Payment & Billing,Resolved,Carlos R.,2026-08-10 22:42:35,2026-08-11 11:27:35,765.0,1440,Compliant,99,CDN cache invalidation hash discrepancy on static frontend build.,Purged Cloudflare edge asset cache.
INC-1079,Okta SSO SAML assertion signature mismatch,Auth & SSO Service,P2 - High,Platform Infra,Resolved,Evan L.,2026-08-10 20:57:39,2026-08-10 22:14:39,77.0,120,Compliant,778,JWKS signing certificate auto-rotation failed during midnight cron.,Manually triggered JWKS cache refresh and reloaded cert authority.
INC-1040,Checkout cart session sync delay during flash sale,Checkout Pipeline,P2 - High,Payment & Billing,Resolved,Carlos R.,2026-08-10 17:51:56,2026-08-10 19:11:56,80.0,120,Compliant,4514,Distributed lock contention on inventory reservation table.,Optimized optimistic locking strategy and enabled Redis atomic counters.
INC-1007,Scheduled data warehouse sync job failure,Primary PostgreSQL DB,P3 - Medium,Core Backend,Resolved,Dana W.,2026-08-10 17:48:30,2026-08-11 00:11:30,383.0,480,Compliant,116,Upstream schema column rename in staging pipeline.,Updated dbt model schema mapping.
INC-1006,Redis cluster memory usage exceeded 95%,Redis Cache Cluster,P3 - Medium,Security & IAM,In Progress,Bob K.,2026-08-09 16:49:25,,,480,Breached,97,Unbounded user session TTLs on marketing campaign referral links.,Investigation ongoing.
INC-1088,High replication lag on Postgres primary,Primary PostgreSQL DB,P1 - Critical,Platform Infra,Resolved,Carlos R.,2026-08-09 13:27:06,2026-08-09 13:35:06,8.0,30,Compliant,883,Long-running analytical unindexed query blocked write WAL threads.,Terminated blocking PID and adjusted connection pool settings.
INC-1091,Minor styling asset 404 in admin dashboard,API Gateway,P1 - Critical,Payment & Billing,Resolved,Evan L.,2026-08-09 11:09:19,2026-08-09 11:22:19,13.0,30,Compliant,50,CDN cache invalidation hash discrepancy on static frontend build.,Purged Cloudflare edge asset cache.
INC-1036,Stripe webhook 429 rate limit errors,Payment Gateway,P2 - High,Core Backend,Resolved,Dana W.,2026-08-09 02:23:29,2026-08-09 03:17:29,54.0,120,Compliant,4905,Bulk recurring billing batch triggered webhook concurrency limit.,Enabled exponential backoff retry queue in SQS dead-letter worker.
INC-1018,High replication lag on Postgres primary,Primary PostgreSQL DB,P2 - High,Platform Infra,Resolved,George T.,2026-08-08 19:13:12,2026-08-08 20:37:12,84.0,120,Compliant,4413,Long-running analytical unindexed query blocked write WAL threads.,Terminated blocking PID and adjusted connection pool settings.
INC-1052,Minor styling asset 404 in admin dashboard,API Gateway,P2 - High,Security & IAM,In Progress,Dana W.,2026-08-08 15:41:45,,,120,Breached,1398,CDN cache invalidation hash discrepancy on static frontend build.,Investigation ongoing.
INC-1060,Email dispatch delay on order confirmation receipts,Notification & Email Worker,P2 - High,Payment & Billing,Resolved,George T.,2026-08-08 14:47:05,2026-08-08 16:00:05,73.0,120,Compliant,4401,SendGrid API rate limiter throttling transactional batches.,Switched to multi-pool IP routing and flushed pending queue.
INC-1059,Minor styling asset 404 in admin dashboard,API Gateway,P3 - Medium,Data Engineering,Resolved,Carlos R.,2026-08-08 07:50:12,2026-08-08 13:39:12,349.0,480,Compliant,85,CDN cache invalidation hash discrepancy on static frontend build.,Purged Cloudflare edge asset cache.
INC-1098,504 Gateway Timeout spike across REST endpoints,API Gateway,P3 - Medium,Payment & Billing,In Progress,Farah H.,2026-08-07 20:19:02,,,480,Breached,45,Upstream catalog microservice thread pool exhaustion.,Investigation ongoing.
INC-1063,Elasticsearch cluster yellow status due to unassigned shards,Search & Elastic Cluster,P2 - High,Payment & Billing,Resolved,Carlos R.,2026-08-07 19:59:32,2026-08-07 21:44:32,105.0,120,Compliant,3453,Disk threshold exceeded on node search-03 triggering shard reroute lock.,Expanded EBS volume capacity and rebalanced indices.
INC-1065,Okta SSO SAML assertion signature mismatch,Auth & SSO Service,P2 - High,Data Engineering,Resolved,Bob K.,2026-08-07 13:40:09,2026-08-07 18:49:09,309.0,120,Breached,2459,JWKS signing certificate auto-rotation failed during midnight cron.,Manually triggered JWKS cache refresh and reloaded cert authority.
INC-1008,Stripe webhook 429 rate limit errors,Payment Gateway,P4 - Low,Security & IAM,In Progress,Dana W.,2026-08-06 15:45:55,,,1440,Breached,47,Bulk recurring billing batch triggered webhook concurrency limit.,Investigation ongoing.
INC-1009,Minor styling asset 404 in admin dashboard,API Gateway,P2 - High,Payment & Billing,Resolved,Bob K.,2026-08-06 14:09:01,2026-08-06 15:49:01,100.0,120,Compliant,2003,CDN cache invalidation hash discrepancy on static frontend build.,Purged Cloudflare edge asset cache.
INC-1011,Email dispatch delay on order confirmation receipts,Notification & Email Worker,P2 - High,Payment & Billing,Resolved,Evan L.,2026-08-06 11:52:52,2026-08-06 17:05:52,313.0,120,Breached,3756,SendGrid API rate limiter throttling transactional batches.,Switched to multi-pool IP routing and flushed pending queue.
INC-1096,Elasticsearch cluster yellow status due to unassigned shards,Search & Elastic Cluster,P1 - Critical,Payment & Billing,Resolved,Alice M.,2026-08-06 10:49:38,2026-08-06 11:02:38,13.0,30,Compliant,3196,Disk threshold exceeded on node search-03 triggering shard reroute lock.,Expanded EBS volume capacity and rebalanced indices.
INC-1004,504 Gateway Timeout spike across REST endpoints,API Gateway,P2 - High,Security & IAM,Resolved,Evan L.,2026-08-06 09:07:05,2026-08-06 09:32:05,25.0,120,Compliant,1472,Upstream catalog microservice thread pool exhaustion.,Scaled Kubernetes replicas from 3 to 10 and enabled fallback caching.
INC-1061,Checkout cart session sync delay during flash sale,Checkout Pipeline,P1 - Critical,Core Backend,Resolved,Alice M.,2026-08-06 00:52:56,2026-08-06 01:12:56,20.0,30,Compliant,2246,Distributed lock contention on inventory reservation table.,Optimized optimistic locking strategy and enabled Redis atomic counters.
INC-1002,Email dispatch delay on order confirmation receipts,Notification & Email Worker,P1 - Critical,Platform Infra,Resolved,Bob K.,2026-08-05 23:07:34,2026-08-05 23:21:34,14.0,30,Compliant,2251,SendGrid API rate limiter throttling transactional batches.,Switched to multi-pool IP routing and flushed pending queue.
INC-1117,Minor styling asset 404 in admin dashboard,API Gateway,P3 - Medium,Security & IAM,Resolved,Alice M.,2026-08-05 22:40:53,2026-08-06 04:35:53,355.0,480,Compliant,114,CDN cache invalidation hash discrepancy on static frontend build.,Purged Cloudflare edge asset cache.
INC-1017,Minor styling asset 404 in admin dashboard,API Gateway,P4 - Low,Payment & Billing,Resolved,Alice M.,2026-08-05 21:11:50,2026-08-06 00:54:50,223.0,1440,Compliant,106,CDN cache invalidation hash discrepancy on static frontend build.,Purged Cloudflare edge asset cache.
INC-1001,504 Gateway Timeout spike across REST endpoints,API Gateway,P1 - Critical,Security & IAM,In Progress,Bob K.,2026-08-05 19:31:41,,,30,Breached,443,Upstream catalog microservice thread pool exhaustion.,Investigation ongoing.
INC-1022,Stripe webhook 429 rate limit errors,Payment Gateway,P2 - High,Payment & Billing,Resolved,Dana W.,2026-08-05 04:23:30,2026-08-05 05:05:30,42.0,120,Compliant,3922,Bulk recurring billing batch triggered webhook concurrency limit.,Enabled exponential backoff retry queue in SQS dead-letter worker.
INC-1069,High replication lag on Postgres primary,Primary PostgreSQL DB,P3 - Medium,Platform Infra,Resolved,George T.,2026-08-04 20:19:20,2026-08-05 06:30:20,611.0,480,Breached,0,Long-running analytical unindexed query blocked write WAL threads.,Terminated blocking PID and adjusted connection pool settings.
INC-1013,Redis cluster memory usage exceeded 95%,Redis Cache Cluster,P4 - Low,Data Engineering,Open,Evan L.,2026-08-04 17:11:13,,,1440,Breached,138,Unbounded user session TTLs on marketing campaign referral links.,Investigation ongoing.
INC-1103,Scheduled data warehouse sync job failure,Primary PostgreSQL DB,P2 - High,Security & IAM,In Progress,George T.,2026-08-03 16:09:58,,,120,Breached,731,Upstream schema column rename in staging pipeline.,Investigation ongoing.
INC-1085,Checkout cart session sync delay during flash sale,Checkout Pipeline,P4 - Low,Platform Infra,Resolved,Farah H.,2026-08-03 13:59:21,2026-08-03 22:28:21,509.0,1440,Compliant,93,Distributed lock contention on inventory reservation table.,Optimized optimistic locking strategy and enabled Redis atomic counters.
INC-1095,Elasticsearch cluster yellow status due to unassigned shards,Search & Elastic Cluster,P4 - Low,Payment & Billing,Resolved,Alice M.,2026-08-03 13:37:57,2026-08-04 11:05:57,1288.0,1440,Compliant,120,Disk threshold exceeded on node search-03 triggering shard reroute lock.,Expanded EBS volume capacity and rebalanced indices.
INC-1114,Okta SSO SAML assertion signature mismatch,Auth & SSO Service,P3 - Medium,Payment & Billing,Resolved,Alice M.,2026-08-03 05:57:18,2026-08-03 09:44:18,227.0,480,Compliant,51,JWKS signing certificate auto-rotation failed during midnight cron.,Manually triggered JWKS cache refresh and reloaded cert authority.
INC-1048,Okta SSO SAML assertion signature mismatch,Auth & SSO Service,P2 - High,Payment & Billing,Resolved,Farah H.,2026-08-03 04:33:38,2026-08-03 04:56:38,23.0,120,Compliant,4166,JWKS signing certificate auto-rotation failed during midnight cron.,Manually triggered JWKS cache refresh and reloaded cert authority.
INC-1058,Elasticsearch cluster yellow status due to unassigned shards,Search & Elastic Cluster,P3 - Medium,Payment & Billing,Resolved,Farah H.,2026-08-03 03:55:47,2026-08-03 10:46:47,411.0,480,Compliant,116,Disk threshold exceeded on node search-03 triggering shard reroute lock.,Expanded EBS volume capacity and rebalanced indices.
INC-1089,Scheduled data warehouse sync job failure,Primary PostgreSQL DB,P4 - Low,Payment & Billing,Resolved,Evan L.,2026-08-03 03:06:47,2026-08-05 14:33:47,3567.0,1440,Breached,135,Upstream schema column rename in staging pipeline.,Updated dbt model schema mapping.
INC-1107,504 Gateway Timeout spike across REST endpoints,API Gateway,P4 - Low,Security & IAM,Resolved,Evan L.,2026-08-02 23:31:43,2026-08-03 10:09:43,638.0,1440,Compliant,89,Upstream catalog microservice thread pool exhaustion.,Scaled Kubernetes replicas from 3 to 10 and enabled fallback caching.
INC-1099,Minor styling asset 404 in admin dashboard,API Gateway,P1 - Critical,Core Backend,Resolved,Evan L.,2026-08-02 21:59:00,2026-08-02 22:13:00,14.0,30,Compliant,3713,CDN cache invalidation hash discrepancy on static frontend build.,Purged Cloudflare edge asset cache.
INC-1025,504 Gateway Timeout spike across REST endpoints,API Gateway,P3 - Medium,Core Backend,Resolved,Dana W.,2026-08-02 20:14:57,2026-08-03 00:00:57,226.0,480,Compliant,87,Upstream catalog microservice thread pool exhaustion.,Scaled Kubernetes replicas from 3 to 10 and enabled fallback caching.
INC-1033,Elasticsearch cluster yellow status due to unassigned shards,Search & Elastic Cluster,P2 - High,Core Backend,Resolved,Farah H.,2026-08-02 06:02:08,2026-08-02 06:34:08,32.0,120,Compliant,4650,Disk threshold exceeded on node search-03 triggering shard reroute lock.,Expanded EBS volume capacity and rebalanced indices.
INC-1014,High replication lag on Postgres primary,Primary PostgreSQL DB,P3 - Medium,Payment & Billing,Resolved,Alice M.,2026-08-02 03:04:27,2026-08-02 05:45:27,161.0,480,Compliant,85,Long-running analytical unindexed query blocked write WAL threads.,Terminated blocking PID and adjusted connection pool settings.
INC-1108,Redis cluster memory usage exceeded 95%,Redis Cache Cluster,P3 - Medium,Data Engineering,Resolved,Dana W.,2026-08-02 01:36:00,2026-08-02 07:14:00,338.0,480,Compliant,32,Unbounded user session TTLs on marketing campaign referral links.,Enforced maxmemory allkeys-lru eviction policy and trimmed keys.
INC-1087,Scheduled data warehouse sync job failure,Redis Cache Cluster,P1 - Critical,Core Backend,Resolved,Farah H.,2026-08-02 01:32:05,2026-08-02 02:14:05,42.0,30,Breached,1504,Upstream schema column rename in staging pipeline.,Updated dbt model schema mapping.
INC-1029,504 Gateway Timeout spike across REST endpoints,API Gateway,P4 - Low,Core Backend,Resolved,Carlos R.,2026-08-01 23:19:35,2026-08-02 16:10:35,1011.0,1440,Compliant,30,Upstream catalog microservice thread pool exhaustion.,Scaled Kubernetes replicas from 3 to 10 and enabled fallback caching.
INC-1105,High replication lag on Postgres primary,Primary PostgreSQL DB,P2 - High,Payment & Billing,Resolved,Evan L.,2026-08-01 20:56:32,2026-08-01 21:55:32,59.0,120,Compliant,1115,Long-running analytical unindexed query blocked write WAL threads.,Terminated blocking PID and adjusted connection pool settings.
INC-1019,Scheduled data warehouse sync job failure,Notification & Email Worker,P3 - Medium,Payment & Billing,Resolved,Bob K.,2026-08-01 20:37:54,2026-08-01 22:09:54,92.0,480,Compliant,98,Upstream schema column rename in staging pipeline.,Updated dbt model schema mapping.
INC-1042,Stripe webhook 429 rate limit errors,Payment Gateway,P3 - Medium,Core Backend,Resolved,Farah H.,2026-08-01 10:44:33,2026-08-01 16:33:33,349.0,480,Compliant,100,Bulk recurring billing batch triggered webhook concurrency limit.,Enabled exponential backoff retry queue in SQS dead-letter worker.
INC-1015,504 Gateway Timeout spike across REST endpoints,API Gateway,P1 - Critical,Payment & Billing,Resolved,George T.,2026-08-01 05:17:31,2026-08-01 05:34:31,17.0,30,Compliant,1332,Upstream catalog microservice thread pool exhaustion.,Scaled Kubernetes replicas from 3 to 10 and enabled fallback caching.
INC-1021,504 Gateway Timeout spike across REST endpoints,API Gateway,P3 - Medium,Data Engineering,Open,Alice M.,2026-07-31 21:26:28,,,480,Breached,138,Upstream catalog microservice thread pool exhaustion.,Investigation ongoing.
INC-1043,Stripe webhook 429 rate limit errors,Payment Gateway,P4 - Low,Core Backend,Resolved,Alice M.,2026-07-31 17:43:03,2026-08-01 13:41:03,1198.0,1440,Compliant,86,Bulk recurring billing batch triggered webhook concurrency limit.,Enabled exponential backoff retry queue in SQS dead-letter worker.
INC-1030,Redis cluster memory usage exceeded 95%,Redis Cache Cluster,P3 - Medium,Security & IAM,Resolved,George T.,2026-07-31 13:11:29,2026-07-31 15:11:29,120.0,480,Compliant,146,Unbounded user session TTLs on marketing campaign referral links.,Enforced maxmemory allkeys-lru eviction policy and trimmed keys.
INC-1024,Checkout cart session sync delay during flash sale,Checkout Pipeline,P1 - Critical,Security & IAM,Resolved,Alice M.,2026-07-31 09:11:05,2026-07-31 10:10:05,59.0,30,Breached,4258,Distributed lock contention on inventory reservation table.,Optimized optimistic locking strategy and enabled Redis atomic counters.
INC-1074,Scheduled data warehouse sync job failure,API Gateway,P3 - Medium,Security & IAM,Resolved,Evan L.,2026-07-31 08:02:08,2026-07-31 10:21:08,139.0,480,Compliant,87,Upstream schema column rename in staging pipeline.,Updated dbt model schema mapping.
INC-1102,504 Gateway Timeout spike across REST endpoints,API Gateway,P3 - Medium,Data Engineering,Resolved,Alice M.,2026-07-31 06:16:18,2026-07-31 12:34:18,378.0,480,Compliant,83,Upstream catalog microservice thread pool exhaustion.,Scaled Kubernetes replicas from 3 to 10 and enabled fallback caching.
INC-1097,Elasticsearch cluster yellow status due to unassigned shards,Search & Elastic Cluster,P1 - Critical,Core Backend,In Progress,Dana W.,2026-07-31 00:07:09,,,30,Breached,1114,Disk threshold exceeded on node search-03 triggering shard reroute lock.,Investigation ongoing.
INC-1119,504 Gateway Timeout spike across REST endpoints,API Gateway,P2 - High,Platform Infra,Resolved,Dana W.,2026-07-30 20:44:25,2026-07-30 22:07:25,83.0,120,Compliant,2094,Upstream catalog microservice thread pool exhaustion.,Scaled Kubernetes replicas from 3 to 10 and enabled fallback caching.
INC-1034,Okta SSO SAML assertion signature mismatch,Auth & SSO Service,P4 - Low,Core Backend,In Progress,Dana W.,2026-07-30 20:19:33,,,1440,Breached,120,JWKS signing certificate auto-rotation failed during midnight cron.,Investigation ongoing.
INC-1049,Email dispatch delay on order confirmation receipts,Notification & Email Worker,P4 - Low,Data Engineering,Resolved,Farah H.,2026-07-30 20:05:46,2026-07-31 05:12:46,547.0,1440,Compliant,58,SendGrid API rate limiter throttling transactional batches.,Switched to multi-pool IP routing and flushed pending queue.
INC-1070,Minor styling asset 404 in admin dashboard,API Gateway,P3 - Medium,Payment & Billing,In Progress,Carlos R.,2026-07-30 15:37:02,,,480,Breached,10,CDN cache invalidation hash discrepancy on static frontend build.,Investigation ongoing.
INC-1053,Email dispatch delay on order confirmation receipts,Notification & Email Worker,P2 - High,Platform Infra,Resolved,Dana W.,2026-07-30 12:33:28,2026-07-30 14:03:28,90.0,120,Compliant,3262,SendGrid API rate limiter throttling transactional batches.,Switched to multi-pool IP routing and flushed pending queue.
INC-1054,High replication lag on Postgres primary,Primary PostgreSQL DB,P4 - Low,Core Backend,Resolved,George T.,2026-07-30 03:30:52,2026-07-30 11:07:52,457.0,1440,Compliant,104,Long-running analytical unindexed query blocked write WAL threads.,Terminated blocking PID and adjusted connection pool settings.
INC-1041,Scheduled data warehouse sync job failure,Checkout Pipeline,P3 - Medium,Data Engineering,Resolved,George T.,2026-07-29 16:31:34,2026-07-29 20:34:34,243.0,480,Compliant,66,Upstream schema column rename in staging pipeline.,Updated dbt model schema mapping.
